,Time,Article,Link
0,0 hours ago,Nothing comes for free: What China hopes to gain in return for helping Russia,https://www.cnbc.com/2023/03/21/what-does-china-want-from-russia-if-it-helps-it-with-ukraine.html
1,44 Min Ago,Virgin Orbit returning 'small' team from unpaid pause on Thursday to prep for next rocket launch,https://www.cnbc.com/2023/03/22/virgin-orbit-returning-small-team-to-prep-for-next-rocket-launch.html
2,1 Hour Ago, Digital currency firms look to Swiss banks after crypto-friendly lenders fail,https://www.cnbc.com/2023/03/22/crypto-firms-look-to-swiss-lenders-after-silvergate-signature-bank-fail.html
3,2 Hours Ago,Finland gives away free trips to travelers who want to learn about happiness,https://www.cnbc.com/2023/03/22/finland-gives-away-free-trips-to-travelers-who-want-to-learn-happiness.html
7,4 Hours Ago,Traveling to Asia for work? This city is its most expensive business destination,https://www.cnbc.com/2023/03/22/hong-kong-retains-spot-as-most-expensive-business-destination-in-asia.html
8,5 Hours Ago,"Hong Kong rises almost 2%, leading gains in Asia ahead of Fed's key rate decision ",https://www.cnbc.com/2023/03/22/asia-markets-set-to-rise-as-investors-await-feds-key-rate-hike-decision-.html
9,5 Hours Ago,CNBC Daily Open: Regional banks popped — but can the rally last?,https://www.cnbc.com/2023/03/22/stock-markets-regional-banks-popped-but-can-the-rally-last.html
11,6 Hours Ago,Cramer says investors need to take 'longer view' to survive this volatile market,https://www.cnbc.com/2023/03/21/jim-cramer-says-investors-need-to-take-a-longer-view-to-survive-this-volatile-market.html
12,6 Hours Ago,Stock futures are flat ahead of key Fed policy decision,https://www.cnbc.com/2023/03/21/stock-market-today-live-updates.html
14,7 Hours Ago,"Registries in the carbon offset market are allowing dubious credits, report says",https://www.cnbc.com/2023/03/21/registries-in-carbon-offset-market-allowing-dubious-credits-report.html
17,8 Hours Ago,"Nike's holiday quarter plagued by bloated inventory, weak China sales",https://www.cnbc.com/2023/03/21/nike-nke-q3-earnings-2023.html
18,8 Hours Ago,Why so many people—including your boss—are obsessed with the Enneagram test,https://www.cnbc.com/2023/03/21/personality-tests-why-the-enneagram-is-trending-again.html
19,8 Hours Ago,Top 10 happiest countries in the world 2023,https://www.cnbc.com/2023/03/21/top-10-happiest-countries-in-the-world-2023.html
20,8 Hours Ago,Bill Gates: OpenAI's GPT is the most important advance in technology since 1980,https://www.cnbc.com/2023/03/21/bill-gates-openai-gpt-most-important-advance-in-technology-since-1980.html
21,8 Hours Ago,Peloton instructor Robin Arzón shares the self-audit she uses for career moves,https://www.cnbc.com/2023/03/21/peloton-instructor-robin-arzon-shares-career-self-audit.html
22,8 Hours Ago,GameStop stock soars after retailer posts first quarterly profit in two years,https://www.cnbc.com/2023/03/21/gamestop-gme-q4-2022-earnings.html
23,9 Hours Ago,Satellite maker Terran Orbital sees annual revenue climb near $100 million,https://www.cnbc.com/2023/03/21/terran-orbital-llap-q4-results.html
25,9 Hours Ago,"Bitcoin, ether build on recent gains as investors await Fed rate hike decision",https://www.cnbc.com/2023/03/21/bitcoin-ether-build-on-recent-gains-as-investors-await-fed-rate-hike-decision.html
26,9 Hours Ago,A lot of money is on the line this year for women's pro soccer in the U.S.,https://www.cnbc.com/2023/03/21/womens-soccer-faces-big-year-nwsl-season.html
27,10 Hours Ago,"Fungus often resistant to drugs and sometimes lethal is spreading, CDC says",https://www.cnbc.com/2023/03/21/candida-auris-fungus-resistant-to-drugs-spreading-rapidly-cdc-says.html
28,10 Hours Ago,"Social media can be a 'messy place,' says advisor. How to vet financial advice",https://www.cnbc.com/2023/03/21/heres-how-to-vet-online-financial-advice-via-social-media.html
29,10 Hours Ago,Biden used first veto to save a 401(k) investment rule. Here's what it does,https://www.cnbc.com/2023/03/21/biden-veto-401k-rule-esg-investment-funds.html
